{
  "test_date": "2025-10-05T08:05:39.718582",
  "results": [
    {
      "ngram_range": [
        2,
        3
      ],
      "vectorization_time": 0.911,
      "n_features": 101869,
      "matrix_size_mb": 5.57,
      "memory_used_mb": 32.99,
      "matrix_shape": [
        909,
        101869
      ],
      "matrix_density": 0.7883,
      "avg_search_time": 0.018312859535217284
    },
    {
      "ngram_range": [
        2,
        4
      ],
      "vectorization_time": 1.905,
      "n_features": 285319,
      "matrix_size_mb": 10.28,
      "memory_used_mb": 63.36,
      "matrix_shape": [
        909,
        285319
      ],
      "matrix_density": 0.5195,
      "avg_search_time": 0.032198548316955566
    },
    {
      "ngram_range": [
        2,
        5
      ],
      "vectorization_time": 3.42,
      "n_features": 573825,
      "matrix_size_mb": 15.71,
      "memory_used_mb": 110.08,
      "matrix_shape": [
        909,
        573825
      ],
      "matrix_density": 0.3949,
      "avg_search_time": 0.05859732627868652
    },
    {
      "ngram_range": [
        2,
        6
      ],
      "vectorization_time": 5.511,
      "n_features": 957088,
      "matrix_size_mb": 21.67,
      "memory_used_mb": 153.85,
      "matrix_shape": [
        909,
        957088
      ],
      "matrix_density": 0.3264,
      "avg_search_time": 0.07730250358581543
    }
  ]
}